{
  "project_info": {
    "project_number": "975105124058",
    "project_id": "flixi-c0593",
    "storage_bucket": "flixi-c0593.appspot.com"
  },
  "client": [
    {
      "client_info": {
        "mobilesdk_app_id": "1:975105124058:android:e1ab2dbd2450c5ea0767e3",
        "android_client_info": {
          "package_name": "com.retrytech.apps.flixy"
        }
      },
      "oauth_client": [
        {
          "client_id": "975105124058-836fntfigpt6lfuaolm51c2i4q7k72mj.apps.googleusercontent.com",
          "client_type": 1,
          "android_info": {
            "package_name": "com.retrytech.apps.flixy",
            "certificate_hash": "f516ffba4444edac9713a1b010a5fb9ece103f82"
          }
        },
        {
          "client_id": "975105124058-1tunvhvprm0ad98rqjrrqtg6p24gquuf.apps.googleusercontent.com",
          "client_type": 3
        }
      ],
      "api_key": [
        {
          "current_key": "AIzaSyCc14hLcYOEze72G0tl3hzZ9h2ZcBSqn6E"
        }
      ],
      "services": {
        "appinvite_service": {
          "other_platform_oauth_client": [
            {
              "client_id": "975105124058-1tunvhvprm0ad98rqjrrqtg6p24gquuf.apps.googleusercontent.com",
              "client_type": 3
            },
            {
              "client_id": "975105124058-639en9agqj3ultthdfib9givjgvqltde.apps.googleusercontent.com",
              "client_type": 2,
              "ios_info": {
                "bundle_id": "com.retrytech.Flixy"
              }
            }
          ]
        }
      }
    },
    {
      "client_info": {
        "mobilesdk_app_id": "1:975105124058:android:a9054fc84525f49d0767e3",
        "android_client_info": {
          "package_name": "com.retry.flixy"
        }
      },
      "oauth_client": [
        {
          "client_id": "975105124058-5j317ps7gpd5m7j0i6flrkrogh1l83ee.apps.googleusercontent.com",
          "client_type": 1,
          "android_info": {
            "package_name": "com.retry.flixy",
            "certificate_hash": "eaee34541933337cde70145b2d57eabdd900d921"
          }
        },
        {
          "client_id": "975105124058-9drcjulqufu6nkfae740duqt3qr0nsm2.apps.googleusercontent.com",
          "client_type": 1,
          "android_info": {
            "package_name": "com.retry.flixy",
            "certificate_hash": "70f513ac727a923a6bb14124f35f635e91b95169"
          }
        },
        {
          "client_id": "975105124058-9sohf6sldo6mdibjed3ponq9b5hnng11.apps.googleusercontent.com",
          "client_type": 1,
          "android_info": {
            "package_name": "com.retry.flixy",
            "certificate_hash": "f58b16bf5c708e6aadc18e8bb9f61e85bf87c03a"
          }
        },
        {
          "client_id": "975105124058-fanor54357fj43aj8srnpl3jgaj9d66a.apps.googleusercontent.com",
          "client_type": 1,
          "android_info": {
            "package_name": "com.retry.flixy",
            "certificate_hash": "fd894a54351ca42b75d870690f5f63b22dc81303"
          }
        },
        {
          "client_id": "975105124058-hs9u3kcvbtb7f7030g8sbmug662vsf20.apps.googleusercontent.com",
          "client_type": 1,
          "android_info": {
            "package_name": "com.retry.flixy",
            "certificate_hash": "441ea2d5952eb3feeaa0093669076d9b079c36c1"
          }
        },
        {
          "client_id": "975105124058-jqomutsoj364mia2l4u6segomc8d9qko.apps.googleusercontent.com",
          "client_type": 1,
          "android_info": {
            "package_name": "com.retry.flixy",
            "certificate_hash": "162a0e9e670657ede4c079f56152db4695f3e889"
          }
        },
        {
          "client_id": "975105124058-nqfkan0bdd09r7u4ci57fctd10lg66tb.apps.googleusercontent.com",
          "client_type": 1,
          "android_info": {
            "package_name": "com.retry.flixy",
            "certificate_hash": "f516ffba4444edac9713a1b010a5fb9ece103f82"
          }
        },
        {
          "client_id": "975105124058-ofn7doa3gu0r3qjptvu852pb3tp43j9j.apps.googleusercontent.com",
          "client_type": 1,
          "android_info": {
            "package_name": "com.retry.flixy",
            "certificate_hash": "92389a6286050995fe5734dbd1866a598533b28b"
          }
        },
        {
          "client_id": "975105124058-p223lbsusc0s0vlt74ij315e4gje4evd.apps.googleusercontent.com",
          "client_type": 1,
          "android_info": {
            "package_name": "com.retry.flixy",
            "certificate_hash": "7d3d29d5469c85eaaf68a74fa37683968a29fce0"
          }
        },
        {
          "client_id": "975105124058-1tunvhvprm0ad98rqjrrqtg6p24gquuf.apps.googleusercontent.com",
          "client_type": 3
        }
      ],
      "api_key": [
        {
          "current_key": "AIzaSyCc14hLcYOEze72G0tl3hzZ9h2ZcBSqn6E"
        }
      ],
      "services": {
        "appinvite_service": {
          "other_platform_oauth_client": [
            {
              "client_id": "975105124058-1tunvhvprm0ad98rqjrrqtg6p24gquuf.apps.googleusercontent.com",
              "client_type": 3
            },
            {
              "client_id": "975105124058-639en9agqj3ultthdfib9givjgvqltde.apps.googleusercontent.com",
              "client_type": 2,
              "ios_info": {
                "bundle_id": "com.retrytech.Flixy"
              }
            }
          ]
        }
      }
    }
  ],
  "configuration_version": "1"
}